<?xml version="1.0" encoding="UTF-8"?><?xml-stylesheet type='text/xsl' href='_UpgradeReport_Files/UpgradeReport.xslt'?><UpgradeLog>
<Properties><Property Name="Solution" Value="Productos_de_Cuba">
</Property><Property Name="Solution File" Value="D:\Left_Works\Tienda Virtual\Salvas\SP[23-08-2010]\Productos_de_Cuba.sln">
</Property><Property Name="User Options File" Value="D:\Left_Works\Tienda Virtual\Salvas\SP[23-08-2010]\Productos_de_Cuba.suo">
</Property><Property Name="Date" Value="Saturday, October 19, 2013">
</Property><Property Name="Time" Value="11:49 AM">
</Property></Properties><Event ErrorLevel="0" Project="" Source="Productos_de_Cuba.sln" Description="File successfully backed up as D:\Left_Works\Tienda Virtual\Salvas\SP[23-08-2010]\Backup\Productos_de_Cuba.sln">
</Event><Event ErrorLevel="0" Project="" Source="Productos_de_Cuba.suo" Description="File successfully backed up as D:\Left_Works\Tienda Virtual\Salvas\SP[23-08-2010]\Backup\Productos_de_Cuba.suo">
</Event><Event ErrorLevel="0" Project="MyGeneration.dOOdads_2005" Source="MyGeneration.dOOdads\MyGeneration.dOOdads_2005.csproj" Description="Project file successfully backed up as D:\Left_Works\Tienda Virtual\Salvas\SP[23-08-2010]\Backup\MyGeneration.dOOdads\MyGeneration.dOOdads_2005.csproj">
</Event><Event ErrorLevel="0" Project="MyGeneration.dOOdads_2005" Source="MyGeneration.dOOdads\AggregateParameter.cs" Description="File successfully backed up as D:\Left_Works\Tienda Virtual\Salvas\SP[23-08-2010]\Backup\MyGeneration.dOOdads\AggregateParameter.cs">
</Event><Event ErrorLevel="0" Project="MyGeneration.dOOdads_2005" Source="MyGeneration.dOOdads\AssemblyInfo.cs" Description="File successfully backed up as D:\Left_Works\Tienda Virtual\Salvas\SP[23-08-2010]\Backup\MyGeneration.dOOdads\AssemblyInfo.cs">
</Event><Event ErrorLevel="0" Project="MyGeneration.dOOdads_2005" Source="MyGeneration.dOOdads\BusinessEntity.cs" Description="File successfully backed up as D:\Left_Works\Tienda Virtual\Salvas\SP[23-08-2010]\Backup\MyGeneration.dOOdads\BusinessEntity.cs">
</Event><Event ErrorLevel="0" Project="MyGeneration.dOOdads_2005" Source="MyGeneration.dOOdads\DbAdapters\SqlClientDynamicQuery.cs" Description="File successfully backed up as D:\Left_Works\Tienda Virtual\Salvas\SP[23-08-2010]\Backup\MyGeneration.dOOdads\DbAdapters\SqlClientDynamicQuery.cs">
</Event><Event ErrorLevel="0" Project="MyGeneration.dOOdads_2005" Source="MyGeneration.dOOdads\DbAdapters\SqlClientEntity.cs" Description="File successfully backed up as D:\Left_Works\Tienda Virtual\Salvas\SP[23-08-2010]\Backup\MyGeneration.dOOdads\DbAdapters\SqlClientEntity.cs">
</Event><Event ErrorLevel="0" Project="MyGeneration.dOOdads_2005" Source="MyGeneration.dOOdads\DynamicQuery.cs" Description="File successfully backed up as D:\Left_Works\Tienda Virtual\Salvas\SP[23-08-2010]\Backup\MyGeneration.dOOdads\DynamicQuery.cs">
</Event><Event ErrorLevel="0" Project="MyGeneration.dOOdads_2005" Source="MyGeneration.dOOdads\TransactionMgr.cs" Description="File successfully backed up as D:\Left_Works\Tienda Virtual\Salvas\SP[23-08-2010]\Backup\MyGeneration.dOOdads\TransactionMgr.cs">
</Event><Event ErrorLevel="0" Project="MyGeneration.dOOdads_2005" Source="MyGeneration.dOOdads\WhereParameter.cs" Description="File successfully backed up as D:\Left_Works\Tienda Virtual\Salvas\SP[23-08-2010]\Backup\MyGeneration.dOOdads\WhereParameter.cs">
</Event><Event ErrorLevel="0" Project="MyGeneration.dOOdads_2005" Source="MyGeneration.dOOdads\DbAdapters\FirebirdSqlDynamicQuery.cs" Description="File successfully backed up as D:\Left_Works\Tienda Virtual\Salvas\SP[23-08-2010]\Backup\MyGeneration.dOOdads\DbAdapters\FirebirdSqlDynamicQuery.cs">
</Event><Event ErrorLevel="0" Project="MyGeneration.dOOdads_2005" Source="MyGeneration.dOOdads\DbAdapters\FirebirdSqlEntity.cs" Description="File successfully backed up as D:\Left_Works\Tienda Virtual\Salvas\SP[23-08-2010]\Backup\MyGeneration.dOOdads\DbAdapters\FirebirdSqlEntity.cs">
</Event><Event ErrorLevel="0" Project="MyGeneration.dOOdads_2005" Source="MyGeneration.dOOdads\DbAdapters\OleDbDynamicQuery.cs" Description="File successfully backed up as D:\Left_Works\Tienda Virtual\Salvas\SP[23-08-2010]\Backup\MyGeneration.dOOdads\DbAdapters\OleDbDynamicQuery.cs">
</Event><Event ErrorLevel="0" Project="MyGeneration.dOOdads_2005" Source="MyGeneration.dOOdads\DbAdapters\OleDbEntity.cs" Description="File successfully backed up as D:\Left_Works\Tienda Virtual\Salvas\SP[23-08-2010]\Backup\MyGeneration.dOOdads\DbAdapters\OleDbEntity.cs">
</Event><Event ErrorLevel="0" Project="MyGeneration.dOOdads_2005" Source="MyGeneration.dOOdads\DbAdapters\OracleClientDynamicQuery.cs" Description="File successfully backed up as D:\Left_Works\Tienda Virtual\Salvas\SP[23-08-2010]\Backup\MyGeneration.dOOdads\DbAdapters\OracleClientDynamicQuery.cs">
</Event><Event ErrorLevel="0" Project="MyGeneration.dOOdads_2005" Source="MyGeneration.dOOdads\DbAdapters\OracleClientEntity.cs" Description="File successfully backed up as D:\Left_Works\Tienda Virtual\Salvas\SP[23-08-2010]\Backup\MyGeneration.dOOdads\DbAdapters\OracleClientEntity.cs">
</Event><Event ErrorLevel="0" Project="MyGeneration.dOOdads_2005" Source="MyGeneration.dOOdads\DbAdapters\PostgreSqlDynamicQuery.cs" Description="File successfully backed up as D:\Left_Works\Tienda Virtual\Salvas\SP[23-08-2010]\Backup\MyGeneration.dOOdads\DbAdapters\PostgreSqlDynamicQuery.cs">
</Event><Event ErrorLevel="0" Project="MyGeneration.dOOdads_2005" Source="MyGeneration.dOOdads\DbAdapters\PostgreSqlEntity.cs" Description="File successfully backed up as D:\Left_Works\Tienda Virtual\Salvas\SP[23-08-2010]\Backup\MyGeneration.dOOdads\DbAdapters\PostgreSqlEntity.cs">
</Event><Event ErrorLevel="0" Project="MyGeneration.dOOdads_2005" Source="MyGeneration.dOOdads\DbAdapters\VistaDBDynamicQuery.cs" Description="File successfully backed up as D:\Left_Works\Tienda Virtual\Salvas\SP[23-08-2010]\Backup\MyGeneration.dOOdads\DbAdapters\VistaDBDynamicQuery.cs">
</Event><Event ErrorLevel="0" Project="MyGeneration.dOOdads_2005" Source="MyGeneration.dOOdads\DbAdapters\VistaDBEntity.cs" Description="File successfully backed up as D:\Left_Works\Tienda Virtual\Salvas\SP[23-08-2010]\Backup\MyGeneration.dOOdads\DbAdapters\VistaDBEntity.cs">
</Event><Event ErrorLevel="0" Project="MyGeneration.dOOdads_2005" Source="MyGeneration.dOOdads\DbAdapters\MySql4DynamicQuery.cs" Description="File successfully backed up as D:\Left_Works\Tienda Virtual\Salvas\SP[23-08-2010]\Backup\MyGeneration.dOOdads\DbAdapters\MySql4DynamicQuery.cs">
</Event><Event ErrorLevel="0" Project="MyGeneration.dOOdads_2005" Source="MyGeneration.dOOdads\DbAdapters\MySql4Entity.cs" Description="File successfully backed up as D:\Left_Works\Tienda Virtual\Salvas\SP[23-08-2010]\Backup\MyGeneration.dOOdads\DbAdapters\MySql4Entity.cs">
</Event><Event ErrorLevel="0" Project="MyGeneration.dOOdads_2005" Source="MyGeneration.dOOdads\DbAdapters\SQLiteDynamicQuery.cs" Description="File successfully backed up as D:\Left_Works\Tienda Virtual\Salvas\SP[23-08-2010]\Backup\MyGeneration.dOOdads\DbAdapters\SQLiteDynamicQuery.cs">
</Event><Event ErrorLevel="0" Project="MyGeneration.dOOdads_2005" Source="MyGeneration.dOOdads\DbAdapters\SQLiteEntity.cs" Description="File successfully backed up as D:\Left_Works\Tienda Virtual\Salvas\SP[23-08-2010]\Backup\MyGeneration.dOOdads\DbAdapters\SQLiteEntity.cs">
</Event><Event ErrorLevel="0" Project="MyGeneration.dOOdads_2005" Source="MyGeneration.dOOdads\README.TXT" Description="File successfully backed up as D:\Left_Works\Tienda Virtual\Salvas\SP[23-08-2010]\Backup\MyGeneration.dOOdads\README.TXT">
</Event><Event ErrorLevel="1" Project="MyGeneration.dOOdads_2005" Source="MyGeneration.dOOdads\MyGeneration.dOOdads_2005.csproj" Description="Your project is targeting .NET Framework 2.0 or 3.0. If your project uses assemblies requiring a newer .NET Framework, your project will fail to build. You can change the .NET Framework version by clicking Properties on the project menu and then selecting a new version in the '.NET Framework' dropdown box. (In Visual Basic, this is located on the Compile tab by clicking the 'Advanced Compiler Options...' button.)">
</Event><Event ErrorLevel="0" Project="MyGeneration.dOOdads_2005" Source="MyGeneration.dOOdads\MyGeneration.dOOdads_2005.csproj" Description="Project converted successfully">
</Event><Event ErrorLevel="3" Project="MyGeneration.dOOdads_2005" Source="MyGeneration.dOOdads\MyGeneration.dOOdads_2005.csproj" Description="Converted">
</Event><Event ErrorLevel="0" Project="DALayer" Source="DALayer\DALayer.csproj" Description="Project file successfully backed up as D:\Left_Works\Tienda Virtual\Salvas\SP[23-08-2010]\Backup\DALayer\DALayer.csproj">
</Event><Event ErrorLevel="0" Project="DALayer" Source="DALayer\Code\Categoria.cs" Description="File successfully backed up as D:\Left_Works\Tienda Virtual\Salvas\SP[23-08-2010]\Backup\DALayer\Code\Categoria.cs">
</Event><Event ErrorLevel="0" Project="DALayer" Source="DALayer\Code\Distribuidor.cs" Description="File successfully backed up as D:\Left_Works\Tienda Virtual\Salvas\SP[23-08-2010]\Backup\DALayer\Code\Distribuidor.cs">
</Event><Event ErrorLevel="0" Project="DALayer" Source="DALayer\Code\Envio.cs" Description="File successfully backed up as D:\Left_Works\Tienda Virtual\Salvas\SP[23-08-2010]\Backup\DALayer\Code\Envio.cs">
</Event><Event ErrorLevel="0" Project="DALayer" Source="DALayer\Code\Estado_orden.cs" Description="File successfully backed up as D:\Left_Works\Tienda Virtual\Salvas\SP[23-08-2010]\Backup\DALayer\Code\Estado_orden.cs">
</Event><Event ErrorLevel="0" Project="DALayer" Source="DALayer\Code\Join\_Orden_Productos_Carro.cs" Description="File successfully backed up as D:\Left_Works\Tienda Virtual\Salvas\SP[23-08-2010]\Backup\DALayer\Code\Join\_Orden_Productos_Carro.cs">
</Event><Event ErrorLevel="0" Project="DALayer" Source="DALayer\Code\Join\_Productos_X_Categoria.cs" Description="File successfully backed up as D:\Left_Works\Tienda Virtual\Salvas\SP[23-08-2010]\Backup\DALayer\Code\Join\_Productos_X_Categoria.cs">
</Event><Event ErrorLevel="0" Project="DALayer" Source="DALayer\Code\Join\_Productos_X_Usuarios.cs" Description="File successfully backed up as D:\Left_Works\Tienda Virtual\Salvas\SP[23-08-2010]\Backup\DALayer\Code\Join\_Productos_X_Usuarios.cs">
</Event><Event ErrorLevel="0" Project="DALayer" Source="DALayer\Code\Orden.cs" Description="File successfully backed up as D:\Left_Works\Tienda Virtual\Salvas\SP[23-08-2010]\Backup\DALayer\Code\Orden.cs">
</Event><Event ErrorLevel="0" Project="DALayer" Source="DALayer\Code\Producto.cs" Description="File successfully backed up as D:\Left_Works\Tienda Virtual\Salvas\SP[23-08-2010]\Backup\DALayer\Code\Producto.cs">
</Event><Event ErrorLevel="0" Project="DALayer" Source="DALayer\Code\Producto_Orden.cs" Description="File successfully backed up as D:\Left_Works\Tienda Virtual\Salvas\SP[23-08-2010]\Backup\DALayer\Code\Producto_Orden.cs">
</Event><Event ErrorLevel="0" Project="DALayer" Source="DALayer\Code\Proveedor.cs" Description="File successfully backed up as D:\Left_Works\Tienda Virtual\Salvas\SP[23-08-2010]\Backup\DALayer\Code\Proveedor.cs">
</Event><Event ErrorLevel="0" Project="DALayer" Source="DALayer\Code\Role.cs" Description="File successfully backed up as D:\Left_Works\Tienda Virtual\Salvas\SP[23-08-2010]\Backup\DALayer\Code\Role.cs">
</Event><Event ErrorLevel="0" Project="DALayer" Source="DALayer\Code\Usuario.cs" Description="File successfully backed up as D:\Left_Works\Tienda Virtual\Salvas\SP[23-08-2010]\Backup\DALayer\Code\Usuario.cs">
</Event><Event ErrorLevel="0" Project="DALayer" Source="DALayer\Properties\AssemblyInfo.cs" Description="File successfully backed up as D:\Left_Works\Tienda Virtual\Salvas\SP[23-08-2010]\Backup\DALayer\Properties\AssemblyInfo.cs">
</Event><Event ErrorLevel="0" Project="DALayer" Source="DALayer\DALayer.csproj" Description="Project converted successfully">
</Event><Event ErrorLevel="3" Project="DALayer" Source="DALayer\DALayer.csproj" Description="Converted">
</Event><Event ErrorLevel="0" Project="BLLayer" Source="BLLayer\BLLayer.csproj" Description="Project file successfully backed up as D:\Left_Works\Tienda Virtual\Salvas\SP[23-08-2010]\Backup\BLLayer\BLLayer.csproj">
</Event><Event ErrorLevel="0" Project="BLLayer" Source="BLLayer\Code\Categoria.cs" Description="File successfully backed up as D:\Left_Works\Tienda Virtual\Salvas\SP[23-08-2010]\Backup\BLLayer\Code\Categoria.cs">
</Event><Event ErrorLevel="0" Project="BLLayer" Source="BLLayer\Code\Distribuidor.cs" Description="File successfully backed up as D:\Left_Works\Tienda Virtual\Salvas\SP[23-08-2010]\Backup\BLLayer\Code\Distribuidor.cs">
</Event><Event ErrorLevel="0" Project="BLLayer" Source="BLLayer\Code\Envio.cs" Description="File successfully backed up as D:\Left_Works\Tienda Virtual\Salvas\SP[23-08-2010]\Backup\BLLayer\Code\Envio.cs">
</Event><Event ErrorLevel="0" Project="BLLayer" Source="BLLayer\Code\Estado_orden.cs" Description="File successfully backed up as D:\Left_Works\Tienda Virtual\Salvas\SP[23-08-2010]\Backup\BLLayer\Code\Estado_orden.cs">
</Event><Event ErrorLevel="0" Project="BLLayer" Source="BLLayer\Code\Join\Orden_Productos_Carro.cs" Description="File successfully backed up as D:\Left_Works\Tienda Virtual\Salvas\SP[23-08-2010]\Backup\BLLayer\Code\Join\Orden_Productos_Carro.cs">
</Event><Event ErrorLevel="0" Project="BLLayer" Source="BLLayer\Code\Join\Productos_X_Categoria.cs" Description="File successfully backed up as D:\Left_Works\Tienda Virtual\Salvas\SP[23-08-2010]\Backup\BLLayer\Code\Join\Productos_X_Categoria.cs">
</Event><Event ErrorLevel="0" Project="BLLayer" Source="BLLayer\Code\Orden.cs" Description="File successfully backed up as D:\Left_Works\Tienda Virtual\Salvas\SP[23-08-2010]\Backup\BLLayer\Code\Orden.cs">
</Event><Event ErrorLevel="0" Project="BLLayer" Source="BLLayer\Code\Producto.cs" Description="File successfully backed up as D:\Left_Works\Tienda Virtual\Salvas\SP[23-08-2010]\Backup\BLLayer\Code\Producto.cs">
</Event><Event ErrorLevel="0" Project="BLLayer" Source="BLLayer\Code\Producto_Orden.cs" Description="File successfully backed up as D:\Left_Works\Tienda Virtual\Salvas\SP[23-08-2010]\Backup\BLLayer\Code\Producto_Orden.cs">
</Event><Event ErrorLevel="0" Project="BLLayer" Source="BLLayer\Code\Proveedor.cs" Description="File successfully backed up as D:\Left_Works\Tienda Virtual\Salvas\SP[23-08-2010]\Backup\BLLayer\Code\Proveedor.cs">
</Event><Event ErrorLevel="0" Project="BLLayer" Source="BLLayer\Code\Role.cs" Description="File successfully backed up as D:\Left_Works\Tienda Virtual\Salvas\SP[23-08-2010]\Backup\BLLayer\Code\Role.cs">
</Event><Event ErrorLevel="0" Project="BLLayer" Source="BLLayer\Code\Usuario.cs" Description="File successfully backed up as D:\Left_Works\Tienda Virtual\Salvas\SP[23-08-2010]\Backup\BLLayer\Code\Usuario.cs">
</Event><Event ErrorLevel="0" Project="BLLayer" Source="BLLayer\Properties\AssemblyInfo.cs" Description="File successfully backed up as D:\Left_Works\Tienda Virtual\Salvas\SP[23-08-2010]\Backup\BLLayer\Properties\AssemblyInfo.cs">
</Event><Event ErrorLevel="0" Project="BLLayer" Source="BLLayer\BLLayer.csproj" Description="Project converted successfully">
</Event><Event ErrorLevel="3" Project="BLLayer" Source="BLLayer\BLLayer.csproj" Description="Converted">
</Event><Event ErrorLevel="0" Project="EmailTaskProvider" Source="EmailTaskProvider\EmailTaskProvider.csproj" Description="Project file successfully backed up as D:\Left_Works\Tienda Virtual\Salvas\SP[23-08-2010]\Backup\EmailTaskProvider\EmailTaskProvider.csproj">
</Event><Event ErrorLevel="0" Project="EmailTaskProvider" Source="EmailTaskProvider\EmailClient.cs" Description="File successfully backed up as D:\Left_Works\Tienda Virtual\Salvas\SP[23-08-2010]\Backup\EmailTaskProvider\EmailClient.cs">
</Event><Event ErrorLevel="0" Project="EmailTaskProvider" Source="EmailTaskProvider\Properties\AssemblyInfo.cs" Description="File successfully backed up as D:\Left_Works\Tienda Virtual\Salvas\SP[23-08-2010]\Backup\EmailTaskProvider\Properties\AssemblyInfo.cs">
</Event><Event ErrorLevel="0" Project="EmailTaskProvider" Source="EmailTaskProvider\SMTP_ConfigProvider.cs" Description="File successfully backed up as D:\Left_Works\Tienda Virtual\Salvas\SP[23-08-2010]\Backup\EmailTaskProvider\SMTP_ConfigProvider.cs">
</Event><Event ErrorLevel="0" Project="EmailTaskProvider" Source="EmailTaskProvider\config.xml" Description="File successfully backed up as D:\Left_Works\Tienda Virtual\Salvas\SP[23-08-2010]\Backup\EmailTaskProvider\config.xml">
</Event><Event ErrorLevel="1" Project="EmailTaskProvider" Source="EmailTaskProvider\EmailTaskProvider.csproj" Description="Your project is targeting .NET Framework 2.0 or 3.0. If your project uses assemblies requiring a newer .NET Framework, your project will fail to build. You can change the .NET Framework version by clicking Properties on the project menu and then selecting a new version in the '.NET Framework' dropdown box. (In Visual Basic, this is located on the Compile tab by clicking the 'Advanced Compiler Options...' button.)">
</Event><Event ErrorLevel="0" Project="EmailTaskProvider" Source="EmailTaskProvider\EmailTaskProvider.csproj" Description="Project converted successfully">
</Event><Event ErrorLevel="3" Project="EmailTaskProvider" Source="EmailTaskProvider\EmailTaskProvider.csproj" Description="Converted">
</Event><Event ErrorLevel="0" Project="" Source="Productos_de_Cuba.sln" Description="Solution converted successfully">
</Event><Event ErrorLevel="3" Project="" Source="Productos_de_Cuba.sln" Description="Converted">
</Event><Event ErrorLevel="0" Project="MyGeneration.dOOdads_2005" Source="MyGeneration.dOOdads\MyGeneration.dOOdads_2005.csproj" Description="Scan complete: Upgrade not required for project files.">
</Event><Event ErrorLevel="0" Project="DALayer" Source="DALayer\DALayer.csproj" Description="Scan complete: Upgrade not required for project files.">
</Event><Event ErrorLevel="0" Project="BLLayer" Source="BLLayer\BLLayer.csproj" Description="Scan complete: Upgrade not required for project files.">
</Event><Event ErrorLevel="0" Project="EmailTaskProvider" Source="EmailTaskProvider\EmailTaskProvider.csproj" Description="Scan complete: Upgrade not required for project files.">
</Event></UpgradeLog>